Mean,Min,Max,Variance,Std Dev,Skewness,Kurtosis
-0.0012640212231599876,-0.045454545454545525,0.056422569027611225,0.0001681572565127347,0.012967546279567877,0.7188505508921523,3.1637797637727596
0.0004930065999830239,-0.019685039370078705,0.03427419354838701,8.321140966842305e-05,0.009122028813176543,0.7974335202998893,1.592687692248874
0.0010249335148981662,-0.060109289617486406,0.06887052341597788,0.0003138451437855409,0.017715675086926293,-0.032154428256979346,2.1981646262918675
-0.004056611845051012,-0.06944444444444431,0.05180533751962324,0.00040373611293080856,0.02009318573374587,-0.8247391838733831,2.0254368488257635
0.0010409208702727415,-0.04477611940298509,0.06933333333333347,0.00020855188586647785,0.014441325627049542,1.0987964140509001,4.341686622728629
4.229752224961181e-05,-0.02298850574712641,0.04123711340206193,0.00010692331217824896,0.010340372922590798,0.39943711571875967,1.0750845727972136
0.0016531591474907886,-0.03814852492370291,0.06959999999999988,0.00044238799744640307,0.021033021595729014,0.8767925102374465,1.0671532663931487
0.00107239027973071,-0.06813417190775684,0.06968641114982588,0.0003681952906139943,0.019188415531616838,0.48070679482685225,2.500540502226804
0.0019207258590732655,-0.03398058252427183,0.06981981981981988,0.0002862694896869518,0.016919500278877973,1.4339783108053357,4.205280330233125
0.00025984397660604684,-0.024446494464944735,0.06788571428571433,0.00016830797430438633,0.012973356323804043,1.7628198451819164,6.281788161803886
-0.0004692735828613499,-0.04844290657439443,0.06642066420664205,0.000232062656339848,0.015233602867997052,0.8486995115242275,2.985041630249759
-0.0009301460668427767,-0.06925740669488256,0.06883009508061178,0.000368472829506359,0.019195646108072503,0.20424873231966956,1.663944498614824
0.0024099047169647723,-0.05960264900662249,0.0696378830083566,0.0003831726398112434,0.01957479603498446,0.30787568832344403,1.6461785429941322
0.001600531100693007,-0.028277634961439646,0.05524861878453047,0.00016101738500362277,0.012689262587070328,0.8497845028826835,2.3802524974453734
-0.0006748380564615907,-0.06320000000000003,0.06982461891493186,0.0003692823031312944,0.019216719364430923,0.47240148609812177,2.1717747752547085
7.320927492295847e-05,-0.04621848739495815,0.0691176470588235,0.00025252288015961607,0.015890968509175773,0.7134874443480217,2.813720552461352
0.0005399000214195919,-0.04504504504504503,0.053308823529411686,0.0002649316346556154,0.016276720635791945,0.11135843773879538,0.43345579099089004
-0.0006389673823347278,-0.03660322108345537,0.03862660944205998,0.00014364187089299427,0.011985068664508946,0.2059364268324551,0.5896520549678819
-0.0003166744302185765,-0.03190619034633224,0.047272727272727355,0.00012590001344589693,0.011220517521304306,0.27704886284679725,2.4930432093621153
-0.0010829741586612924,-0.034825870646766344,0.05128205128205132,0.00019883697417982652,0.014100956498756619,0.8572114456399907,2.3500138700423623
-0.0009171258854159336,-0.04235294117647048,0.06779661016949157,0.0003069577043802032,0.017520208457098996,0.8807447369633533,1.7969323269725557
0.00019716028809674824,-0.023383768913342595,0.0474137931034484,0.00013723096694855593,0.01171456217485553,0.8896484816027784,1.8216309769115675
0.0004956471654004072,-0.048872180451127845,0.06851011143210894,0.00034509311488960427,0.01857668202046868,0.9507762239635598,3.012333997890577
0.0008001459367520616,-0.06792675723567632,0.06994459833795008,0.00048708872725531635,0.022070086707018537,0.3086314250501297,1.2981156970227419
0.0022518244134006405,-0.06976744186046513,0.06929133858267722,0.00046765956196521844,0.021625437844474234,0.5554021426780085,1.6111037901707181
0.0016153870632926257,-0.0483460559796437,0.0694087403598973,0.0003532762487580995,0.018795644409226823,0.12656490102220525,1.3348846570529656
-0.00041062002025533245,-0.04484304932735428,0.06882168925964538,0.000522521131669742,0.02285872112935765,0.7594436172602107,0.5551068442410401
4.970598551063161e-05,-0.05149934810951762,0.04647876849854993,0.0001820802622416131,0.013493711951928316,0.012346288959015224,2.3156115672414668
-2.9409172422372386e-05,-0.049544994944388354,0.04415584415584406,0.00016909803334076405,0.013003769966466034,0.18796344991406816,2.3922977228173767
0.0011778852150606406,-0.031026252983293534,0.06959706959706935,0.0003244938301646694,0.018013712281611177,1.1377169423924383,2.2216410256333496
-0.0009799573913847096,-0.02339642481598314,0.014992503748125996,4.340774559223843e-05,0.006588455478504687,-0.11073126971283555,1.2547356245708068
0.0006604958944581669,-0.04709141274238238,0.06878306878306883,0.0002695953129802693,0.01641935787356708,0.6431635112044489,2.2620994769352176
-0.0011466516984424617,-0.029126213592232997,0.040000000000000036,0.00015178632956602448,0.01232015947810841,0.4691459910220225,0.7143385718557704
-0.00014166913977792857,-0.041284403669724856,0.051572327044025146,0.00022533326273522266,0.015011104647400958,0.19218715208282885,0.44121141661726826
0.0020728341655288627,-0.040000000000000036,0.06666666666666665,0.00044581527246310363,0.021114338077787415,0.39393757657721606,0.6549186843142287
0.0009743152204671415,-0.034494773519163746,0.0683439729628239,0.0002416864907691154,0.015546269352134467,0.7174500871380679,2.190559383684917
0.0003609111677309176,-0.04315196998123827,0.06813627254509025,0.0002699845933729059,0.016431207909734024,0.4407253725462245,2.222022477343609
0.0002610175543816845,-0.03885480572597133,0.06841046277665996,0.00031294009918352613,0.017690113034786584,0.6282761413119307,1.4099120336603113
-4.8349353731307945e-05,-0.034904013961605584,0.0554592720970537,0.00022559608795133938,0.015019856455750148,0.4000511382154989,0.6163948103265331
0.00018341512547389612,-0.0429184549356223,0.06849315068493156,0.00029987421669035354,0.017316876643620048,0.8017292861939351,2.052154166724981
0.0007925409857199308,-0.046904315196998114,0.047258979206049156,0.00016897745021152342,0.01299913267151018,0.3201829520949914,2.0332545431556834
-0.000563077746864802,-0.04519774011299438,0.06983240223463683,0.00026824954425925076,0.016378325441242483,0.5063453875994645,2.2093998887409274
0.0001611685707699195,-0.02409638554216864,0.06779661016949134,0.00015741137833172737,0.01254636912942256,1.7458273716851704,7.3932756907381325
0.0004770128937920113,-0.06047516198704095,0.06989247311827951,0.0005161970322718461,0.02271996990032879,0.9574592765397679,1.9380619046079106
0.0011444082991038163,-0.05962521294718914,0.06851851851851865,0.0003557940749708432,0.018862504472387628,0.7366601194448273,2.7169944626341405
0.00041364452580482206,-0.025574499629355096,0.04800000000000004,0.00012934437569784074,0.01137296688194601,1.793618048796805,5.89256177131667
-0.0005722655177539115,-0.031062980906241155,0.0183486238532109,9.689939876384762e-05,0.009843749222925562,-0.39654941058153176,0.4168346789355155
-0.00035840564225163513,-0.04424778761061943,0.005333333333333412,3.181380942673897e-05,0.0056403731637843756,-5.436381264911276,37.271739327956745
0.0023823135846731793,-0.027200000000000002,0.06786083362039275,0.00020892433307347942,0.01445421506251652,1.6108321881896124,4.706300963056587
0.0012482226436212759,-0.021857923497267784,0.02941176470588247,0.00011863571938603195,0.010892002542509433,0.22543894156445116,-0.5605969052105126
0.00031766909430035824,-0.03891050583657585,0.05439330543933063,0.00021973800108031626,0.01482356236133259,0.6376125493354882,1.585622467256064
-0.0003933732356203405,-0.03586800573888094,0.039755351681957096,0.00017151977628278469,0.01309655589392817,0.43282778725859894,0.7561467312042174
-0.0008836158433415478,-0.03492063492063502,0.04991394148020656,0.00020889974190177577,0.014453364380025011,0.3659942184740201,1.0021563909900335
0.000851416582044214,-0.04519774011299438,0.06962025316455689,0.0002736134996665811,0.016541266567786792,1.025659417874181,3.6959730163928173
-0.0002152246805154854,-0.043316831683168244,0.0692041522491349,0.00034878960675858073,0.018675909797345368,0.6403104204302049,1.0365173917070827
-0.0017649079614728677,-0.04564907275320951,0.06578947368421062,0.0002635480990010124,0.016234164561227424,0.6282240990134165,2.242412232021602
0.00016626834757219904,-0.022556390977443552,0.06499999999999995,0.00016833939832525103,0.012974567365629231,1.7923938338394816,5.615753155938883
-0.000368682029307623,-0.03688524590163933,0.06694560669456062,0.0002366901212929156,0.015384736633849655,0.7147337377421898,2.3420292419184063
0.0013483542743521072,-0.032653061224489854,0.050980392156862786,0.00021758753802085025,0.014750848722051563,0.6783229355344726,1.222881521959307
-0.0006125868692385017,-0.03703703703703698,0.02690582959641241,0.0001360063223955642,0.011662174857013772,-0.3799545372991247,0.6756250049609909
-0.0006189593945666146,-0.055679287305122505,0.06862745098039236,0.00047561328326079015,0.021808559862145648,0.3320832038954735,0.7275270371546281
0.0012400900888100452,-0.03177004538577899,0.06390328151986191,0.00024186846981293612,0.01555212107118949,0.8117934869520778,1.699594008191582
-0.0009697118003001528,-0.03599550056242973,0.023017902813299296,0.00014006534138586238,0.011834920421610886,-0.18973092963149757,-0.3825992363600479
-0.0009791042153508259,-0.03587348758225428,0.01901100074762363,9.194693594302712e-05,0.00958889649245559,-0.8165927017455363,1.2483091870899035
-0.0007321224359258276,-0.0390625,0.06578947368421062,0.00022520112797965057,0.015006702768418204,0.6994118017867341,2.2467060865215336
-0.00029653337993238923,-0.021367521367521403,0.026431718061673992,0.00010020739475490612,0.01001036436674041,0.8390739165106178,-0.03923636564961619
-0.0008510064870867548,-0.04310479462751837,0.038730592049138535,0.00022162643026798267,0.014887122968121901,0.241591379844565,0.6635091245885776
-0.0011140062361434406,-0.04536489151873779,0.05048543689320395,0.00020229660288909192,0.014223101029279513,0.3712307579371518,1.2799092357192778
-0.000701536891726899,-0.03063063063063065,0.03362831858407067,0.00014734696876135653,0.012138655970137573,0.16739605704028554,0.1636153128966522
0.0006717401939089025,-0.03273762454531082,0.06969059777711029,0.0001951004611652233,0.013967836667330532,1.1476911325326302,4.21426363262262
-0.0005594315536969291,-0.025454545454545396,0.023417010116148385,7.834698963623274e-05,0.008851383487129723,0.15437400883496816,0.27130075450552216
0.0031578218523987014,-0.033037872683319924,0.06375545851528397,0.00025163653624797383,0.015863055703362258,0.8784684153745532,2.964805566287936
-0.0005373244641751248,-0.04753864138199759,0.0625814863102998,0.0002633899403955476,0.016229292664671113,0.7428456041698794,3.1300491686149527
0.0014063216772377183,-0.014799154334038112,0.06999999999999984,0.0001332150173219726,0.01154188101316127,2.3988325984750722,11.078166747758207
0.0016783970639102316,-0.04893117508958367,0.06913580246913575,0.000299226196433795,0.017298155868004976,0.7486631041933667,3.106812789186903
0.003211235248441841,-0.06302131603336436,0.06926406926406914,0.0004960487537652904,0.0222721519787669,0.24054940051027096,1.0708073020763802
0.0008308010336695093,-0.06077348066298349,0.06730769230769229,0.0003161942503563462,0.017781851713371873,-0.8884053325345131,4.402279202382199
0.0004297259052203036,-0.030364372469635637,0.06860706860706856,0.00018748621137947146,0.013692560439138893,1.0980943965288752,4.198126896524654
0.0021314023742384195,-0.06703910614525133,0.04783950617283961,0.00024088462594601973,0.0155204583033498,-0.6128063469413575,3.3640493504559554
0.0016866985221329917,-0.060096153846153855,0.06994818652849721,0.00026719903142472407,0.016346223766507177,0.32995852594327124,2.7537071015940064
0.0016103711205805102,-0.030800821355236097,0.05363984674329503,0.00016008051029120675,0.012652292689121871,0.47965759069778385,1.6942058857006161
-0.00028300256087900917,-0.06267806267806275,0.06984126984127004,0.00043871103653849163,0.020945429967859138,0.5090427229588991,1.4511960782958422
0.002370426710995989,-0.06035889070146816,0.06538461538461537,0.00043484013360090256,0.020852820758854244,0.49668340443381187,0.7953190969371282
0.0008902010486974796,-0.03399433427762033,0.06730769230769229,0.00019911822368170746,0.014110925684791465,0.8803059561133495,3.6828891190446287
0.0007185309406458237,-0.01799100449775115,0.03011583011583019,6.599972508571135e-05,0.0081240214848135,0.6833721793283271,0.8664201152337427
0.0008165230245463688,-0.05429864253393679,0.05507246376811592,0.00026316967660892937,0.01622250525069816,0.5127829249299974,1.4387829811303599
0.0009613322609448752,-0.04774381368267833,0.06910443136039657,0.0002594248119749778,0.01610666979778805,1.037982402339074,3.3031054893790053
0.001799276008651163,-0.05985915492957761,0.06999999999999984,0.0002978960032449443,0.017259664053652504,0.3592467241321275,2.5510093388381527
-0.0003608750209410394,-0.04889633975970942,0.04470938897168408,0.0001998865911071038,0.01413812544530228,-0.013819804926767267,1.2163625897884263
0.001240904292101589,-0.06702127659574464,0.05635359116022087,0.0003479029887995987,0.018652157751841977,-0.028756210094472663,1.8270953192257675
0.0010671991206630163,-0.027918781725888353,0.032432432432432545,0.00012299602771402714,0.011090357420481414,0.31148480666965056,0.6803892058479644
0.0016344470989231167,-0.02662037037037046,0.0696576151121604,0.00019322605883800512,0.013900577644040736,2.3016844348049204,8.81742425425224
0.0003793143279356103,-0.03765690376569053,0.06756756756756754,0.00036773499715760273,0.01917641773527065,0.9997704167329023,1.7713493462053194
-0.0004649196933300681,-0.015488867376573068,0.027358490566037785,4.7865445708872265e-05,0.006918485795957976,0.7475276271023452,1.530249268337906
0.00028452091281681364,-0.036363636363636376,0.06986899563318794,0.0003482304425661478,0.0186609335931016,1.1126478461203226,2.193192748544284
0.0003127233222204521,-0.012273533637830347,0.021863738602558636,3.473197481469316e-05,0.0058933839867000995,0.2906830693436547,0.775346501506756
-0.001107369840466321,-0.027331189710610992,0.039087947882736174,9.25841796845687e-05,0.009622067329039467,0.5059043567989634,2.4062332744776125
0.0005989141282315404,-0.022332506203473934,0.029972752043596618,0.00011919269226308378,0.01091754057757899,0.1081109946472514,-0.27046158026958755
1.8817505457033982e-05,-0.030874785591766707,0.02941176470588247,9.972446416354215e-05,0.009986213705080727,0.16233235002672142,0.756009453274423
-0.00035057632209965745,-0.044776119402985204,0.033742331288343586,0.0001988198092102969,0.014100347840046249,-0.07672974384931917,0.49664571114569034
0.005948346128043146,-0.06979617047560227,0.06986899563318771,0.0008760730602252254,0.029598531386290528,0.2348385007093628,0.23389597269409368
